doc_id,kind,field,truth,extracted,match
w2-001,w2,employerName,"""Coastline Manufacturing Co""","""Coastline Manufacturing Co""",TP
w2-001,w2,employerEin,"""83-5584855""","""83-5584855""",TP
w2-001,w2,employeeSSN,"""XXX-XX-4127""","""XXX-XX-4127""",TP
w2-001,w2,wagesBox1,216107.83,216107.83,TP
w2-001,w2,federalTaxWithheldBox2,23204.74,23204.74,TP
w2-001,w2,socialSecurityWagesBox3,168600,168600,TP
w2-001,w2,socialSecurityTaxBox4,10453.2,10453.2,TP
w2-001,w2,medicareWagesBox5,216107.83,216107.83,TP
w2-001,w2,medicareTaxBox6,3133.56,3133.56,TP
w2-001,w2,stateWagesBox16,216107.83,216107.83,TP
w2-001,w2,stateTaxWithheldBox17,13108.21,13108.21,TP
w2-001,w2,stateCode,"""OH""","""OH""",TP
w2-002,w2,employerName,"""Coastline Manufacturing Co""","""Coastline Manufacturing Co""",TP
w2-002,w2,employerEin,"""95-9015607""","""95-9015607""",TP
w2-002,w2,employeeSSN,"""XXX-XX-9724""","""XXX-XX-9724""",TP
w2-002,w2,wagesBox1,219390.68,219390.68,TP
w2-002,w2,federalTaxWithheldBox2,35709.36,35709.36,TP
w2-002,w2,socialSecurityWagesBox3,168600,168600,TP
w2-002,w2,socialSecurityTaxBox4,10453.2,10453.2,TP
w2-002,w2,medicareWagesBox5,219390.68,219390.68,TP
w2-002,w2,medicareTaxBox6,3181.16,3181.16,TP
w2-002,w2,stateWagesBox16,219390.68,219390.68,TP
w2-002,w2,stateTaxWithheldBox17,8765.32,8765.32,TP
w2-002,w2,stateCode,"""IN""","""IN""",TP
w2-003,w2,employerName,"""Harbor Financial Services""","""Harbor Financial Services""",TP
w2-003,w2,employerEin,"""87-6818217""","""87-6818217""",TP
w2-003,w2,employeeSSN,"""XXX-XX-8021""","""XXX-XX-8021""",TP
w2-003,w2,wagesBox1,118881.83,118881.83,TP
w2-003,w2,federalTaxWithheldBox2,21247.99,21247.99,TP
w2-003,w2,socialSecurityWagesBox3,118881.83,118881.83,TP
w2-003,w2,socialSecurityTaxBox4,7370.67,7370.67,TP
w2-003,w2,medicareWagesBox5,118881.83,118881.83,TP
w2-003,w2,medicareTaxBox6,1723.79,1723.79,TP
w2-003,w2,stateWagesBox16,118881.83,118881.83,TP
w2-003,w2,stateTaxWithheldBox17,6671.25,6671.25,TP
w2-003,w2,stateCode,"""OH""","""OH""",TP
w2-004,w2,employerName,"""Westpark Technical Services""","""Westpark Technical Services""",TP
w2-004,w2,employerEin,"""28-7770114""","""28-7770114""",TP
w2-004,w2,employeeSSN,"""XXX-XX-1909""","""XXX-XX-1909""",TP
w2-004,w2,wagesBox1,114983.91,114983.91,TP
w2-004,w2,federalTaxWithheldBox2,14708.63,14708.63,TP
w2-004,w2,socialSecurityWagesBox3,114983.91,114983.91,TP
w2-004,w2,socialSecurityTaxBox4,7129,7129,TP
w2-004,w2,medicareWagesBox5,114983.91,114983.91,TP
w2-004,w2,medicareTaxBox6,1667.27,1667.27,TP
w2-004,w2,stateWagesBox16,114983.91,114983.91,TP
w2-004,w2,stateTaxWithheldBox17,3750.46,3750.46,TP
w2-004,w2,stateCode,"""NY""","""NY""",TP
w2-005,w2,employerName,"""Westpark Technical Services""","""Westpark Technical Services""",TP
w2-005,w2,employerEin,"""29-1015823""","""29-1015823""",TP
w2-005,w2,employeeSSN,"""XXX-XX-7130""","""XXX-XX-7130""",TP
w2-005,w2,wagesBox1,148804.13,148804.13,TP
w2-005,w2,federalTaxWithheldBox2,26921.49,26921.49,TP
w2-005,w2,socialSecurityWagesBox3,148804.13,148884.13,FP
w2-005,w2,socialSecurityTaxBox4,9225.86,9225.86,TP
w2-005,w2,medicareWagesBox5,148804.13,148804.13,TP
w2-005,w2,medicareTaxBox6,2157.66,2157.66,TP
w2-005,w2,stateWagesBox16,148804.13,148804.13,TP
w2-005,w2,stateTaxWithheldBox17,4752,4752,TP
w2-005,w2,stateCode,"""MD""","""MD""",TP
w2-006,w2,employerName,"""Greenfield Construction LLC""","""Greenfield Construction LLC""",TP
w2-006,w2,employerEin,"""13-6081442""","""13-6081442""",TP
w2-006,w2,employeeSSN,"""XXX-XX-9118""","""XXX-XX-9118""",TP
w2-006,w2,wagesBox1,142672.74,142672.74,TP
w2-006,w2,federalTaxWithheldBox2,22648.37,22648.37,TP
w2-006,w2,socialSecurityWagesBox3,142672.74,142672.74,TP
w2-006,w2,socialSecurityTaxBox4,8845.71,8845.71,TP
w2-006,w2,medicareWagesBox5,142672.74,142672.74,TP
w2-006,w2,medicareTaxBox6,2068.75,2068.75,TP
w2-006,w2,stateWagesBox16,142672.74,142672.74,TP
w2-006,w2,stateTaxWithheldBox17,9084.83,9084.83,TP
w2-006,w2,stateCode,"""MA""","""MA""",TP
w2-007,w2,employerName,"""Brookhaven Consulting Group""",,FN
w2-007,w2,employerEin,"""56-7469586""",,FN
w2-007,w2,employeeSSN,"""XXX-XX-3749""",,FN
w2-007,w2,wagesBox1,116601.76,,FN
w2-007,w2,federalTaxWithheldBox2,12763.75,,FN
w2-007,w2,socialSecurityWagesBox3,116601.76,,FN
w2-007,w2,socialSecurityTaxBox4,7229.31,,FN
w2-007,w2,medicareWagesBox5,116601.76,,FN
w2-007,w2,medicareTaxBox6,1690.73,,FN
w2-007,w2,stateWagesBox16,116601.76,,FN
w2-007,w2,stateTaxWithheldBox17,7489.6,,FN
w2-007,w2,stateCode,"""PA""",,FN
w2-008,w2,employerName,"""Riverside Healthcare LLC""","""Riverside Healthcare LLC""",TP
w2-008,w2,employerEin,"""11-2668126""","""11-2668126""",TP
w2-008,w2,employeeSSN,"""XXX-XX-7815""","""XXX-XX-7815""",TP
w2-008,w2,wagesBox1,111530.22,171550.22,FP
w2-008,w2,federalTaxWithheldBox2,15910.46,15910.46,TP
w2-008,w2,socialSecurityWagesBox3,111530.22,171550.22,FP
w2-008,w2,socialSecurityTaxBox4,6914.87,6914.87,TP
w2-008,w2,medicareWagesBox5,111530.22,111530.22,TP
w2-008,w2,medicareTaxBox6,1617.19,1617.19,TP
w2-008,w2,stateWagesBox16,111530.22,111530.22,TP
w2-008,w2,stateTaxWithheldBox17,6607.72,6607.72,TP
w2-008,w2,stateCode,"""MO""","""MO""",TP
w2-009,w2,employerName,"""Westpark Technical Services""",,FN
w2-009,w2,employerEin,"""97-9770553""",,FN
w2-009,w2,employeeSSN,"""XXX-XX-7909""",,FN
w2-009,w2,wagesBox1,110527.04,,FN
w2-009,w2,federalTaxWithheldBox2,14363.49,,FN
w2-009,w2,socialSecurityWagesBox3,110527.04,,FN
w2-009,w2,socialSecurityTaxBox4,6852.68,,FN
w2-009,w2,medicareWagesBox5,110527.04,,FN
w2-009,w2,medicareTaxBox6,1602.64,,FN
w2-009,w2,stateWagesBox16,110527.04,,FN
w2-009,w2,stateTaxWithheldBox17,3319.42,,FN
w2-009,w2,stateCode,"""NY""",,FN
w2-010,w2,employerName,"""Summit Engineering Partners""","""Summit Engineering Partners""",TP
w2-010,w2,employerEin,"""25-8447043""","""25-8447043""",TP
w2-010,w2,employeeSSN,"""XXX-XX-9253""","""XXX-XX-9253""",TP
w2-010,w2,wagesBox1,141133.39,141133.39,TP
w2-010,w2,federalTaxWithheldBox2,17395.96,17395.96,TP
w2-010,w2,socialSecurityWagesBox3,141133.39,141133.39,TP
w2-010,w2,socialSecurityTaxBox4,8750.27,8750.27,TP
w2-010,w2,medicareWagesBox5,141133.39,141133.39,TP
w2-010,w2,medicareTaxBox6,2046.43,2046.43,TP
w2-010,w2,stateWagesBox16,141133.39,141133.39,TP
w2-010,w2,stateTaxWithheldBox17,8564.72,8564.72,TP
w2-010,w2,stateCode,"""FL""","""FL""",TP
w2-011,w2,employerName,"""Greenfield Construction LLC""","""Greenfield Construction LLC""",TP
w2-011,w2,employerEin,"""24-8816598""","""24-8816598""",TP
w2-011,w2,employeeSSN,"""XXX-XX-9509""","""XXX-XX-9509""",TP
w2-011,w2,wagesBox1,84934.1,84934.1,TP
w2-011,w2,federalTaxWithheldBox2,13101.35,13101.35,TP
w2-011,w2,socialSecurityWagesBox3,84934.1,84934.18,TP
w2-011,w2,socialSecurityTaxBox4,5265.91,5265.91,TP
w2-011,w2,medicareWagesBox5,84934.1,84934.1,TP
w2-011,w2,medicareTaxBox6,1231.54,1231.54,TP
w2-011,w2,stateWagesBox16,84934.1,84934.1,TP
w2-011,w2,stateTaxWithheldBox17,2590.28,2590.28,TP
w2-011,w2,stateCode,"""TN""","""TN""",TP
w2-012,w2,employerName,"""Pinnacle Retail Holdings""","""Pinnacle Retail Holdings""",TP
w2-012,w2,employerEin,"""64-9515770""","""64-9515770""",TP
w2-012,w2,employeeSSN,"""XXX-XX-8302""","""XXX-XX-8302""",TP
w2-012,w2,wagesBox1,138144.8,138144.8,TP
w2-012,w2,federalTaxWithheldBox2,27259.36,27259.36,TP
w2-012,w2,socialSecurityWagesBox3,138144.8,138144.8,TP
w2-012,w2,socialSecurityTaxBox4,8564.98,8564.98,TP
w2-012,w2,medicareWagesBox5,138144.8,138144.8,TP
w2-012,w2,medicareTaxBox6,2003.1,2003.1,TP
w2-012,w2,stateWagesBox16,138144.8,138144.8,TP
w2-012,w2,stateTaxWithheldBox17,9010.58,9010.58,TP
w2-012,w2,stateCode,"""MA""","""MA""",TP
w2-013,w2,employerName,"""Brookhaven Consulting Group""","""Brookhaven Consulting Group""",TP
w2-013,w2,employerEin,"""32-9937277""","""32-9937277""",TP
w2-013,w2,employeeSSN,"""XXX-XX-5092""","""XXX-XX-5092""",TP
w2-013,w2,wagesBox1,119791.66,119791.66,TP
w2-013,w2,federalTaxWithheldBox2,13922.22,13922.22,TP
w2-013,w2,socialSecurityWagesBox3,119791.66,119791.66,TP
w2-013,w2,socialSecurityTaxBox4,7427.08,7427.08,TP
w2-013,w2,medicareWagesBox5,119791.66,119791.66,TP
w2-013,w2,medicareTaxBox6,1736.98,1736.98,TP
w2-013,w2,stateWagesBox16,119791.66,119791.66,TP
w2-013,w2,stateTaxWithheldBox17,3727.52,3727.52,TP
w2-013,w2,stateCode,"""GA""","""GA""",TP
w2-014,w2,employerName,"""Coastline Manufacturing Co""","""Coastline Manufacturing Co""",TP
w2-014,w2,employerEin,"""33-8318614""","""33-8318614""",TP
w2-014,w2,employeeSSN,"""XXX-XX-4015""","""XXX-XX-4015""",TP
w2-014,w2,wagesBox1,95885.05,95885.05,TP
w2-014,w2,federalTaxWithheldBox2,18870.65,18870.65,TP
w2-014,w2,socialSecurityWagesBox3,95885.05,95885.05,TP
w2-014,w2,socialSecurityTaxBox4,5944.87,5944.87,TP
w2-014,w2,medicareWagesBox5,95885.05,95885.05,TP
w2-014,w2,medicareTaxBox6,1390.33,1390.33,TP
w2-014,w2,stateWagesBox16,95885.05,95885.05,TP
w2-014,w2,stateTaxWithheldBox17,6008.24,6008.24,TP
w2-014,w2,stateCode,"""PA""","""PA""",TP
w2-015,w2,employerName,"""Riverside Healthcare LLC""","""Riverside Healthcare LLC""",TP
w2-015,w2,employerEin,"""12-9906689""","""12-9906689""",TP
w2-015,w2,employeeSSN,"""XXX-XX-1197""","""XXX-XX-1197""",TP
w2-015,w2,wagesBox1,140212.19,140212.19,TP
w2-015,w2,federalTaxWithheldBox2,23254.99,23254.99,TP
w2-015,w2,socialSecurityWagesBox3,140212.19,140292.19,FP
w2-015,w2,socialSecurityTaxBox4,8693.16,8693.16,TP
w2-015,w2,medicareWagesBox5,140212.19,140212.19,TP
w2-015,w2,medicareTaxBox6,2033.08,2033.08,TP
w2-015,w2,stateWagesBox16,140212.19,140212.19,TP
w2-015,w2,stateTaxWithheldBox17,9601.97,9601.97,TP
w2-015,w2,stateCode,"""WA""","""WA""",TP
w2-016,w2,employerName,"""Acme Logistics Inc""","""Acme Logistics Inc""",TP
w2-016,w2,employerEin,"""64-4400905""","""64-4400905""",TP
w2-016,w2,employeeSSN,"""XXX-XX-1011""","""XXX-XX-1011""",TP
w2-016,w2,wagesBox1,170584.59,170584.59,TP
w2-016,w2,federalTaxWithheldBox2,27983.92,27983.92,TP
w2-016,w2,socialSecurityWagesBox3,168600,168600,TP
w2-016,w2,socialSecurityTaxBox4,10453.2,10453.2,TP
w2-016,w2,medicareWagesBox5,170584.59,170584.59,TP
w2-016,w2,medicareTaxBox6,2473.48,2473.48,TP
w2-016,w2,stateWagesBox16,170584.59,170584.59,TP
w2-016,w2,stateTaxWithheldBox17,9113.78,9113.78,TP
w2-016,w2,stateCode,"""GA""","""GA""",TP
w2-017,w2,employerName,"""Summit Engineering Partners""","""Summit Engineering Partners""",TP
w2-017,w2,employerEin,"""35-6458235""","""35-6458235""",TP
w2-017,w2,employeeSSN,"""XXX-XX-9675""","""XXX-XX-9675""",TP
w2-017,w2,wagesBox1,41625.19,41625.19,TP
w2-017,w2,federalTaxWithheldBox2,7597.63,7597.63,TP
w2-017,w2,socialSecurityWagesBox3,41625.19,41625.19,TP
w2-017,w2,socialSecurityTaxBox4,2580.76,2580.76,TP
w2-017,w2,medicareWagesBox5,41625.19,41625.19,TP
w2-017,w2,medicareTaxBox6,603.57,603.57,TP
w2-017,w2,stateWagesBox16,41625.19,41625.19,TP
w2-017,w2,stateTaxWithheldBox17,2621.52,2621.52,TP
w2-017,w2,stateCode,"""OH""","""OH""",TP
w2-018,w2,employerName,"""Greenfield Construction LLC""","""Greenfield Construction LLC""",TP
w2-018,w2,employerEin,"""87-4883665""","""87-4883665""",TP
w2-018,w2,employeeSSN,"""XXX-XX-6818""","""XXX-XX-6818""",TP
w2-018,w2,wagesBox1,175631.94,5839.94,FP
w2-018,w2,federalTaxWithheldBox2,33002.14,33002.14,TP
w2-018,w2,socialSecurityWagesBox3,168600,168600,TP
w2-018,w2,socialSecurityTaxBox4,10453.2,10453.2,TP
w2-018,w2,medicareWagesBox5,175631.94,175631.94,TP
w2-018,w2,medicareTaxBox6,2546.66,2546.66,TP
w2-018,w2,stateWagesBox16,175631.94,175631.94,TP
w2-018,w2,stateTaxWithheldBox17,11251.18,11251.18,TP
w2-018,w2,stateCode,"""GA""","""GA""",TP
w2-019,w2,employerName,"""Coastline Manufacturing Co""","""Coastline Manufacturing Co""",TP
w2-019,w2,employerEin,"""83-3347928""","""83-3347928""",TP
w2-019,w2,employeeSSN,"""XXX-XX-5250""","""XXX-XX-5250""",TP
w2-019,w2,wagesBox1,48986.29,,FN
w2-019,w2,federalTaxWithheldBox2,4904.28,4904.28,TP
w2-019,w2,socialSecurityWagesBox3,48986.29,48986.29,TP
w2-019,w2,socialSecurityTaxBox4,3037.15,3037.15,TP
w2-019,w2,medicareWagesBox5,48986.29,48986.29,TP
w2-019,w2,medicareTaxBox6,710.3,710.3,TP
w2-019,w2,stateWagesBox16,48986.29,48986.29,TP
w2-019,w2,stateTaxWithheldBox17,1822.1,1822.1,TP
w2-019,w2,stateCode,"""CO""","""CO""",TP
w2-020,w2,employerName,"""Pinnacle Retail Holdings""","""Pinnacle Retail Holdings""",TP
w2-020,w2,employerEin,"""10-6543807""","""10-6543807""",TP
w2-020,w2,employeeSSN,"""XXX-XX-9388""","""XXXXX9388""",FP
w2-020,w2,wagesBox1,53742.53,53742.53,TP
w2-020,w2,federalTaxWithheldBox2,8161.24,8161.24,TP
w2-020,w2,socialSecurityWagesBox3,53742.53,53742.53,TP
w2-020,w2,socialSecurityTaxBox4,3332.04,3332.04,TP
w2-020,w2,medicareWagesBox5,53742.53,53742.53,TP
w2-020,w2,medicareTaxBox6,779.27,779.27,TP
w2-020,w2,stateWagesBox16,53742.53,53742.53,TP
w2-020,w2,stateTaxWithheldBox17,2721.7,2721.7,TP
w2-020,w2,stateCode,"""NJ""","""NJ""",TP
w2-021,w2,employerName,"""Brookhaven Consulting Group""","""Brookhaven Consulting Group""",TP
w2-021,w2,employerEin,"""62-9754750""","""62-9754750""",TP
w2-021,w2,employeeSSN,"""XXX-XX-2651""","""XXX-XX-2651""",TP
w2-021,w2,wagesBox1,143873.04,143873.04,TP
w2-021,w2,federalTaxWithheldBox2,20879.9,20879.9,TP
w2-021,w2,socialSecurityWagesBox3,143873.04,143873.04,TP
w2-021,w2,socialSecurityTaxBox4,8920.13,8920.13,TP
w2-021,w2,medicareWagesBox5,143873.04,143873.04,TP
w2-021,w2,medicareTaxBox6,2086.16,2086.16,TP
w2-021,w2,stateWagesBox16,143873.04,143873.04,TP
w2-021,w2,stateTaxWithheldBox17,8182.43,8182.43,TP
w2-021,w2,stateCode,"""AZ""","""AZ""",TP
w2-022,w2,employerName,"""Harbor Financial Services""","""Harbor Financial Services""",TP
w2-022,w2,employerEin,"""93-7795069""","""93-7795069""",TP
w2-022,w2,employeeSSN,"""XXX-XX-8930""","""XXX-XX-8930""",TP
w2-022,w2,wagesBox1,99425.05,99425.05,TP
w2-022,w2,federalTaxWithheldBox2,17924.34,17924.34,TP
w2-022,w2,socialSecurityWagesBox3,99425.05,99425.05,TP
w2-022,w2,socialSecurityTaxBox4,6164.35,6164.35,TP
w2-022,w2,medicareWagesBox5,99425.05,99425.05,TP
w2-022,w2,medicareTaxBox6,1441.66,1441.66,TP
w2-022,w2,stateWagesBox16,99425.05,99425.05,TP
w2-022,w2,stateTaxWithheldBox17,5363.54,5363.54,TP
w2-022,w2,stateCode,"""TX""","""TX""",TP
w2-023,w2,employerName,"""Riverside Healthcare LLC""",,FN
w2-023,w2,employerEin,"""25-6052997""",,FN
w2-023,w2,employeeSSN,"""XXX-XX-1392""",,FN
w2-023,w2,wagesBox1,54189.83,,FN
w2-023,w2,federalTaxWithheldBox2,8964.86,,FN
w2-023,w2,socialSecurityWagesBox3,54189.83,,FN
w2-023,w2,socialSecurityTaxBox4,3359.77,,FN
w2-023,w2,medicareWagesBox5,54189.83,,FN
w2-023,w2,medicareTaxBox6,785.75,,FN
w2-023,w2,stateWagesBox16,54189.83,,FN
w2-023,w2,stateTaxWithheldBox17,2226.45,,FN
w2-023,w2,stateCode,"""TN""",,FN
w2-024,w2,employerName,"""Greenfield Construction LLC""",,FN
w2-024,w2,employerEin,"""47-8137699""",,FN
w2-024,w2,employeeSSN,"""XXX-XX-6656""",,FN
w2-024,w2,wagesBox1,208853.35,,FN
w2-024,w2,federalTaxWithheldBox2,28752.82,,FN
w2-024,w2,socialSecurityWagesBox3,168600,,FN
w2-024,w2,socialSecurityTaxBox4,10453.2,,FN
w2-024,w2,medicareWagesBox5,208853.35,,FN
w2-024,w2,medicareTaxBox6,3028.37,,FN
w2-024,w2,stateWagesBox16,208853.35,,FN
w2-024,w2,stateTaxWithheldBox17,7491.47,,FN
w2-024,w2,stateCode,"""CO""",,FN
w2-025,w2,employerName,"""Riverside Healthcare LLC""",,FN
w2-025,w2,employerEin,"""16-4913277""",,FN
w2-025,w2,employeeSSN,"""XXX-XX-5937""",,FN
w2-025,w2,wagesBox1,55097.5,,FN
w2-025,w2,federalTaxWithheldBox2,5587.9,,FN
w2-025,w2,socialSecurityWagesBox3,55097.5,,FN
w2-025,w2,socialSecurityTaxBox4,3416.05,,FN
w2-025,w2,medicareWagesBox5,55097.5,,FN
w2-025,w2,medicareTaxBox6,798.91,,FN
w2-025,w2,stateWagesBox16,55097.5,,FN
w2-025,w2,stateTaxWithheldBox17,3116.91,,FN
w2-025,w2,stateCode,"""MA""",,FN
1099-nec-001,1099-nec,formType,"""nec""",,FN
1099-nec-001,1099-nec,payerName,"""Fidelity Investments""",,FN
1099-nec-001,1099-nec,payerTin,"""62-7465764""",,FN
1099-nec-001,1099-nec,recipientTin,"""XXX-XX-5565""",,FN
1099-nec-001,1099-nec,federalTaxWithheld,77.24,,FN
1099-nec-001,1099-nec,stateTaxWithheld,0,,FN
1099-nec-001,1099-nec,stateCode,"""TX""",,FN
1099-nec-001,1099-nec,nonemployeeCompensation,4830.67,,FN
1099-nec-002,1099-nec,formType,"""nec""",,FN
1099-nec-002,1099-nec,payerName,"""First Federal Bank N.A.""",,FN
1099-nec-002,1099-nec,payerTin,"""66-1669904""",,FN
1099-nec-002,1099-nec,recipientTin,"""XXX-XX-7459""",,FN
1099-nec-002,1099-nec,federalTaxWithheld,55.72,,FN
1099-nec-002,1099-nec,stateTaxWithheld,584.93,,FN
1099-nec-002,1099-nec,stateCode,"""MI""",,FN
1099-nec-002,1099-nec,nonemployeeCompensation,42328.48,,FN
1099-nec-003,1099-nec,formType,"""nec""",,FN
1099-nec-003,1099-nec,payerName,"""First Federal Bank N.A.""",,FN
1099-nec-003,1099-nec,payerTin,"""94-3103185""",,FN
1099-nec-003,1099-nec,recipientTin,"""XXX-XX-4286""",,FN
1099-nec-003,1099-nec,federalTaxWithheld,0,,FN
1099-nec-003,1099-nec,stateTaxWithheld,0,,FN
1099-nec-003,1099-nec,stateCode,"""CA""",,FN
1099-nec-003,1099-nec,nonemployeeCompensation,55733.1,,FN
1099-nec-004,1099-nec,formType,"""nec""",,FN
1099-nec-004,1099-nec,payerName,"""First Federal Bank N.A.""",,FN
1099-nec-004,1099-nec,payerTin,"""19-5261966""",,FN
1099-nec-004,1099-nec,recipientTin,"""XXX-XX-8096""",,FN
1099-nec-004,1099-nec,federalTaxWithheld,826.91,,FN
1099-nec-004,1099-nec,stateTaxWithheld,0,,FN
1099-nec-004,1099-nec,stateCode,"""GA""",,FN
1099-nec-004,1099-nec,nonemployeeCompensation,16219.79,,FN
1099-nec-005,1099-nec,formType,"""nec""",,FN
1099-nec-005,1099-nec,payerName,"""PayPal Holdings Inc""",,FN
1099-nec-005,1099-nec,payerTin,"""70-1944781""",,FN
1099-nec-005,1099-nec,recipientTin,"""XXX-XX-8641""",,FN
1099-nec-005,1099-nec,federalTaxWithheld,0,,FN
1099-nec-005,1099-nec,stateTaxWithheld,0,,FN
1099-nec-005,1099-nec,stateCode,"""WA""",,FN
1099-nec-005,1099-nec,nonemployeeCompensation,47470.99,,FN
1099-nec-006,1099-nec,formType,"""nec""",,FN
1099-nec-006,1099-nec,payerName,"""JPMorgan Chase Bank""",,FN
1099-nec-006,1099-nec,payerTin,"""87-8718698""",,FN
1099-nec-006,1099-nec,recipientTin,"""XXX-XX-7116""",,FN
1099-nec-006,1099-nec,federalTaxWithheld,436.16,,FN
1099-nec-006,1099-nec,stateTaxWithheld,0,,FN
1099-nec-006,1099-nec,stateCode,"""IL""",,FN
1099-nec-006,1099-nec,nonemployeeCompensation,38330.99,,FN
1099-nec-007,1099-nec,formType,"""nec""",,FN
1099-nec-007,1099-nec,payerName,"""Capital One Financial""",,FN
1099-nec-007,1099-nec,payerTin,"""29-7770850""",,FN
1099-nec-007,1099-nec,recipientTin,"""XXX-XX-1571""",,FN
1099-nec-007,1099-nec,federalTaxWithheld,869.87,,FN
1099-nec-007,1099-nec,stateTaxWithheld,0,,FN
1099-nec-007,1099-nec,stateCode,"""NY""",,FN
1099-nec-007,1099-nec,nonemployeeCompensation,70539.89,,FN
1099-nec-008,1099-nec,formType,"""nec""","""nec""",TP
1099-nec-008,1099-nec,payerName,"""TD Ameritrade""","""TD Ameritrade""",TP
1099-nec-008,1099-nec,payerTin,"""77-5323034""","""77-5323034""",TP
1099-nec-008,1099-nec,recipientTin,"""XXX-XX-7780""","""7780""",FP
1099-nec-008,1099-nec,federalTaxWithheld,0,0,TP
1099-nec-008,1099-nec,stateTaxWithheld,74.39,74.39,TP
1099-nec-008,1099-nec,stateCode,"""MD""","""MD""",TP
1099-nec-008,1099-nec,nonemployeeCompensation,66777.78,66777.78,TP
1099-nec-009,1099-nec,formType,"""nec""",,FN
1099-nec-009,1099-nec,payerName,"""Etsy Marketplace""",,FN
1099-nec-009,1099-nec,payerTin,"""37-2226036""",,FN
1099-nec-009,1099-nec,recipientTin,"""XXX-XX-8359""",,FN
1099-nec-009,1099-nec,federalTaxWithheld,245.29,,FN
1099-nec-009,1099-nec,stateTaxWithheld,38.78,,FN
1099-nec-009,1099-nec,stateCode,"""AZ""",,FN
1099-nec-009,1099-nec,nonemployeeCompensation,67826.01,,FN
1099-nec-010,1099-nec,formType,"""nec""",,FN
1099-nec-010,1099-nec,payerName,"""Fidelity Investments""",,FN
1099-nec-010,1099-nec,payerTin,"""55-6147691""",,FN
1099-nec-010,1099-nec,recipientTin,"""XXX-XX-3169""",,FN
1099-nec-010,1099-nec,federalTaxWithheld,0,,FN
1099-nec-010,1099-nec,stateTaxWithheld,175.75,,FN
1099-nec-010,1099-nec,stateCode,"""MA""",,FN
1099-nec-010,1099-nec,nonemployeeCompensation,8180.58,,FN
1099-nec-011,1099-nec,formType,"""nec""",,FN
1099-nec-011,1099-nec,payerName,"""Etsy Marketplace""",,FN
1099-nec-011,1099-nec,payerTin,"""48-4551926""",,FN
1099-nec-011,1099-nec,recipientTin,"""XXX-XX-9989""",,FN
1099-nec-011,1099-nec,federalTaxWithheld,458.1,,FN
1099-nec-011,1099-nec,stateTaxWithheld,0,,FN
1099-nec-011,1099-nec,stateCode,"""WA""",,FN
1099-nec-011,1099-nec,nonemployeeCompensation,61870.43,,FN
1099-nec-012,1099-nec,formType,"""nec""",,FN
1099-nec-012,1099-nec,payerName,"""Etsy Marketplace""",,FN
1099-nec-012,1099-nec,payerTin,"""13-8820271""",,FN
1099-nec-012,1099-nec,recipientTin,"""XXX-XX-1646""",,FN
1099-nec-012,1099-nec,federalTaxWithheld,1193.83,,FN
1099-nec-012,1099-nec,stateTaxWithheld,0,,FN
1099-nec-012,1099-nec,stateCode,"""CA""",,FN
1099-nec-012,1099-nec,nonemployeeCompensation,8733.55,,FN
1099-nec-013,1099-nec,formType,"""nec""",,FN
1099-nec-013,1099-nec,payerName,"""TD Ameritrade""",,FN
1099-nec-013,1099-nec,payerTin,"""79-7313853""",,FN
1099-nec-013,1099-nec,recipientTin,"""XXX-XX-5962""",,FN
1099-nec-013,1099-nec,federalTaxWithheld,240.18,,FN
1099-nec-013,1099-nec,stateTaxWithheld,27.41,,FN
1099-nec-013,1099-nec,stateCode,"""TN""",,FN
1099-nec-013,1099-nec,nonemployeeCompensation,34024.42,,FN
1099-nec-014,1099-nec,formType,"""nec""",,FN
1099-nec-014,1099-nec,payerName,"""JPMorgan Chase Bank""",,FN
1099-nec-014,1099-nec,payerTin,"""28-1549930""",,FN
1099-nec-014,1099-nec,recipientTin,"""XXX-XX-5232""",,FN
1099-nec-014,1099-nec,federalTaxWithheld,0,,FN
1099-nec-014,1099-nec,stateTaxWithheld,343.51,,FN
1099-nec-014,1099-nec,stateCode,"""NC""",,FN
1099-nec-014,1099-nec,nonemployeeCompensation,4800.35,,FN
1099-nec-015,1099-nec,formType,"""nec""",,FN
1099-nec-015,1099-nec,payerName,"""Vanguard Brokerage Services""",,FN
1099-nec-015,1099-nec,payerTin,"""12-8941570""",,FN
1099-nec-015,1099-nec,recipientTin,"""XXX-XX-5996""",,FN
1099-nec-015,1099-nec,federalTaxWithheld,227.26,,FN
1099-nec-015,1099-nec,stateTaxWithheld,0,,FN
1099-nec-015,1099-nec,stateCode,"""WA""",,FN
1099-nec-015,1099-nec,nonemployeeCompensation,27560.24,,FN
1099-int-001,1099-int,formType,"""int""",,FN
1099-int-001,1099-int,payerName,"""Stripe Payments Co""",,FN
1099-int-001,1099-int,payerTin,"""64-9578971""",,FN
1099-int-001,1099-int,recipientTin,"""XXX-XX-7662""",,FN
1099-int-001,1099-int,federalTaxWithheld,0,,FN
1099-int-001,1099-int,stateTaxWithheld,0,,FN
1099-int-001,1099-int,stateCode,"""TN""",,FN
1099-int-001,1099-int,interestIncome,4087.13,,FN
1099-int-001,1099-int,earlyWithdrawalPenalty,,,TN
1099-int-001,1099-int,usTreasuryInterest,,,TN
1099-int-001,1099-int,taxExemptInterest,,,TN
1099-int-002,1099-int,formType,"""int""",,FN
1099-int-002,1099-int,payerName,"""Vanguard Brokerage Services""",,FN
1099-int-002,1099-int,payerTin,"""77-1914903""",,FN
1099-int-002,1099-int,recipientTin,"""XXX-XX-3799""",,FN
1099-int-002,1099-int,federalTaxWithheld,0,,FN
1099-int-002,1099-int,stateTaxWithheld,446.61,,FN
1099-int-002,1099-int,stateCode,"""MO""",,FN
1099-int-002,1099-int,interestIncome,4196.83,,FN
1099-int-002,1099-int,earlyWithdrawalPenalty,,,TN
1099-int-002,1099-int,usTreasuryInterest,,,TN
1099-int-002,1099-int,taxExemptInterest,,,TN
1099-int-003,1099-int,formType,"""int""",,FN
1099-int-003,1099-int,payerName,"""Charles Schwab & Co""",,FN
1099-int-003,1099-int,payerTin,"""43-5302892""",,FN
1099-int-003,1099-int,recipientTin,"""XXX-XX-6269""",,FN
1099-int-003,1099-int,federalTaxWithheld,0,,FN
1099-int-003,1099-int,stateTaxWithheld,82.75,,FN
1099-int-003,1099-int,stateCode,"""VA""",,FN
1099-int-003,1099-int,interestIncome,3348.93,,FN
1099-int-003,1099-int,earlyWithdrawalPenalty,35.51,,FN
1099-int-003,1099-int,usTreasuryInterest,,,TN
1099-int-003,1099-int,taxExemptInterest,,,TN
1099-int-004,1099-int,formType,"""int""",,FN
1099-int-004,1099-int,payerName,"""Vanguard Brokerage Services""",,FN
1099-int-004,1099-int,payerTin,"""16-3725167""",,FN
1099-int-004,1099-int,recipientTin,"""XXX-XX-6630""",,FN
1099-int-004,1099-int,federalTaxWithheld,0,,FN
1099-int-004,1099-int,stateTaxWithheld,598.79,,FN
1099-int-004,1099-int,stateCode,"""GA""",,FN
1099-int-004,1099-int,interestIncome,3229.64,,FN
1099-int-004,1099-int,earlyWithdrawalPenalty,,,TN
1099-int-004,1099-int,usTreasuryInterest,,,TN
1099-int-004,1099-int,taxExemptInterest,,,TN
1099-int-005,1099-int,formType,"""int""",,FN
1099-int-005,1099-int,payerName,"""JPMorgan Chase Bank""",,FN
1099-int-005,1099-int,payerTin,"""20-7866548""",,FN
1099-int-005,1099-int,recipientTin,"""XXX-XX-7741""",,FN
1099-int-005,1099-int,federalTaxWithheld,0,,FN
1099-int-005,1099-int,stateTaxWithheld,0,,FN
1099-int-005,1099-int,stateCode,"""TX""",,FN
1099-int-005,1099-int,interestIncome,2245.64,,FN
1099-int-005,1099-int,earlyWithdrawalPenalty,,,TN
1099-int-005,1099-int,usTreasuryInterest,,,TN
1099-int-005,1099-int,taxExemptInterest,,,TN
1099-int-006,1099-int,formType,"""int""",,FN
1099-int-006,1099-int,payerName,"""Wells Fargo Advisors""",,FN
1099-int-006,1099-int,payerTin,"""32-7298609""",,FN
1099-int-006,1099-int,recipientTin,"""XXX-XX-9859""",,FN
1099-int-006,1099-int,federalTaxWithheld,574.31,,FN
1099-int-006,1099-int,stateTaxWithheld,0,,FN
1099-int-006,1099-int,stateCode,"""WA""",,FN
1099-int-006,1099-int,interestIncome,4904,,FN
1099-int-006,1099-int,earlyWithdrawalPenalty,,,TN
1099-int-006,1099-int,usTreasuryInterest,,,TN
1099-int-006,1099-int,taxExemptInterest,,,TN
1099-int-007,1099-int,formType,"""int""","""int""",TP
1099-int-007,1099-int,payerName,"""JPMorgan Chase Bank""","""JPMorgan Chase Bank""",TP
1099-int-007,1099-int,payerTin,"""78-3326592""","""78-3326592""",TP
1099-int-007,1099-int,recipientTin,"""XXX-XX-6798""","""6798""",FP
1099-int-007,1099-int,federalTaxWithheld,0,0,TP
1099-int-007,1099-int,stateTaxWithheld,0,0,TP
1099-int-007,1099-int,stateCode,"""MA""","""MA""",TP
1099-int-007,1099-int,interestIncome,1714.14,1714.14,TP
1099-int-007,1099-int,earlyWithdrawalPenalty,,,TN
1099-int-007,1099-int,usTreasuryInterest,1957.47,1957.47,TP
1099-int-007,1099-int,taxExemptInterest,,,TN
1099-int-008,1099-int,formType,"""int""",,FN
1099-int-008,1099-int,payerName,"""JPMorgan Chase Bank""",,FN
1099-int-008,1099-int,payerTin,"""44-8213373""",,FN
1099-int-008,1099-int,recipientTin,"""XXX-XX-5496""",,FN
1099-int-008,1099-int,federalTaxWithheld,570.66,,FN
1099-int-008,1099-int,stateTaxWithheld,0,,FN
1099-int-008,1099-int,stateCode,"""NJ""",,FN
1099-int-008,1099-int,interestIncome,1275.38,,FN
1099-int-008,1099-int,earlyWithdrawalPenalty,,,TN
1099-int-008,1099-int,usTreasuryInterest,,,TN
1099-int-008,1099-int,taxExemptInterest,,,TN
1099-int-009,1099-int,formType,"""int""",,FN
1099-int-009,1099-int,payerName,"""Etsy Marketplace""",,FN
1099-int-009,1099-int,payerTin,"""32-7461808""",,FN
1099-int-009,1099-int,recipientTin,"""XXX-XX-1261""",,FN
1099-int-009,1099-int,federalTaxWithheld,931.58,,FN
1099-int-009,1099-int,stateTaxWithheld,0,,FN
1099-int-009,1099-int,stateCode,"""TN""",,FN
1099-int-009,1099-int,interestIncome,2715.42,,FN
1099-int-009,1099-int,earlyWithdrawalPenalty,,,TN
1099-int-009,1099-int,usTreasuryInterest,,,TN
1099-int-009,1099-int,taxExemptInterest,,,TN
1099-int-010,1099-int,formType,"""int""",,FN
1099-int-010,1099-int,payerName,"""Fidelity Investments""",,FN
1099-int-010,1099-int,payerTin,"""62-6715578""",,FN
1099-int-010,1099-int,recipientTin,"""XXX-XX-4236""",,FN
1099-int-010,1099-int,federalTaxWithheld,768.07,,FN
1099-int-010,1099-int,stateTaxWithheld,198.05,,FN
1099-int-010,1099-int,stateCode,"""NJ""",,FN
1099-int-010,1099-int,interestIncome,4650.55,,FN
1099-int-010,1099-int,earlyWithdrawalPenalty,,,TN
1099-int-010,1099-int,usTreasuryInterest,,,TN
1099-int-010,1099-int,taxExemptInterest,,,TN
1099-int-011,1099-int,formType,"""int""",,FN
1099-int-011,1099-int,payerName,"""Etsy Marketplace""",,FN
1099-int-011,1099-int,payerTin,"""36-9127144""",,FN
1099-int-011,1099-int,recipientTin,"""XXX-XX-7161""",,FN
1099-int-011,1099-int,federalTaxWithheld,850.68,,FN
1099-int-011,1099-int,stateTaxWithheld,0,,FN
1099-int-011,1099-int,stateCode,"""MA""",,FN
1099-int-011,1099-int,interestIncome,88.75,,FN
1099-int-011,1099-int,earlyWithdrawalPenalty,,,TN
1099-int-011,1099-int,usTreasuryInterest,708.96,,FN
1099-int-011,1099-int,taxExemptInterest,,,TN
1099-int-012,1099-int,formType,"""int""",,FN
1099-int-012,1099-int,payerName,"""JPMorgan Chase Bank""",,FN
1099-int-012,1099-int,payerTin,"""47-5706356""",,FN
1099-int-012,1099-int,recipientTin,"""XXX-XX-8769""",,FN
1099-int-012,1099-int,federalTaxWithheld,0,,FN
1099-int-012,1099-int,stateTaxWithheld,0,,FN
1099-int-012,1099-int,stateCode,"""TN""",,FN
1099-int-012,1099-int,interestIncome,2519.62,,FN
1099-int-012,1099-int,earlyWithdrawalPenalty,,,TN
1099-int-012,1099-int,usTreasuryInterest,,,TN
1099-int-012,1099-int,taxExemptInterest,,,TN
1099-int-013,1099-int,formType,"""int""",,FN
1099-int-013,1099-int,payerName,"""PayPal Holdings Inc""",,FN
1099-int-013,1099-int,payerTin,"""84-1457062""",,FN
1099-int-013,1099-int,recipientTin,"""XXX-XX-8631""",,FN
1099-int-013,1099-int,federalTaxWithheld,0,,FN
1099-int-013,1099-int,stateTaxWithheld,524.37,,FN
1099-int-013,1099-int,stateCode,"""CO""",,FN
1099-int-013,1099-int,interestIncome,913.91,,FN
1099-int-013,1099-int,earlyWithdrawalPenalty,,,TN
1099-int-013,1099-int,usTreasuryInterest,,,TN
1099-int-013,1099-int,taxExemptInterest,,,TN
1099-int-014,1099-int,formType,"""int""",,FN
1099-int-014,1099-int,payerName,"""Wells Fargo Advisors""",,FN
1099-int-014,1099-int,payerTin,"""82-8597572""",,FN
1099-int-014,1099-int,recipientTin,"""XXX-XX-9110""",,FN
1099-int-014,1099-int,federalTaxWithheld,0,,FN
1099-int-014,1099-int,stateTaxWithheld,0,,FN
1099-int-014,1099-int,stateCode,"""OH""",,FN
1099-int-014,1099-int,interestIncome,1404.81,,FN
1099-int-014,1099-int,earlyWithdrawalPenalty,,,TN
1099-int-014,1099-int,usTreasuryInterest,,,TN
1099-int-014,1099-int,taxExemptInterest,,,TN
1099-int-015,1099-int,formType,"""int""",,FN
1099-int-015,1099-int,payerName,"""JPMorgan Chase Bank""",,FN
1099-int-015,1099-int,payerTin,"""86-3961108""",,FN
1099-int-015,1099-int,recipientTin,"""XXX-XX-3368""",,FN
1099-int-015,1099-int,federalTaxWithheld,570.55,,FN
1099-int-015,1099-int,stateTaxWithheld,386.89,,FN
1099-int-015,1099-int,stateCode,"""MA""",,FN
1099-int-015,1099-int,interestIncome,1450.59,,FN
1099-int-015,1099-int,earlyWithdrawalPenalty,,,TN
1099-int-015,1099-int,usTreasuryInterest,,,TN
1099-int-015,1099-int,taxExemptInterest,,,TN
1099-div-001,1099-div,formType,"""div""",,FN
1099-div-001,1099-div,payerName,"""Capital One Financial""",,FN
1099-div-001,1099-div,payerTin,"""33-1816537""",,FN
1099-div-001,1099-div,recipientTin,"""XXX-XX-1212""",,FN
1099-div-001,1099-div,federalTaxWithheld,0,,FN
1099-div-001,1099-div,stateTaxWithheld,0,,FN
1099-div-001,1099-div,stateCode,"""PA""",,FN
1099-div-001,1099-div,ordinaryDividends,7441.96,,FN
1099-div-001,1099-div,qualifiedDividends,5301.49,,FN
1099-div-001,1099-div,totalCapitalGainDistribution,1218.26,,FN
1099-div-001,1099-div,nondividendDistributions,,,TN
1099-div-002,1099-div,formType,"""div""",,FN
1099-div-002,1099-div,payerName,"""TD Ameritrade""",,FN
1099-div-002,1099-div,payerTin,"""86-4262585""",,FN
1099-div-002,1099-div,recipientTin,"""XXX-XX-3087""",,FN
1099-div-002,1099-div,federalTaxWithheld,1084.87,,FN
1099-div-002,1099-div,stateTaxWithheld,0,,FN
1099-div-002,1099-div,stateCode,"""MA""",,FN
1099-div-002,1099-div,ordinaryDividends,7137.23,,FN
1099-div-002,1099-div,qualifiedDividends,6171.03,,FN
1099-div-002,1099-div,totalCapitalGainDistribution,,,TN
1099-div-002,1099-div,nondividendDistributions,,,TN
1099-div-003,1099-div,formType,"""div""",,FN
1099-div-003,1099-div,payerName,"""Wells Fargo Advisors""",,FN
1099-div-003,1099-div,payerTin,"""71-5288262""",,FN
1099-div-003,1099-div,recipientTin,"""XXX-XX-3643""",,FN
1099-div-003,1099-div,federalTaxWithheld,0,,FN
1099-div-003,1099-div,stateTaxWithheld,0,,FN
1099-div-003,1099-div,stateCode,"""IN""",,FN
1099-div-003,1099-div,ordinaryDividends,4296.4,,FN
1099-div-003,1099-div,qualifiedDividends,3481.65,,FN
1099-div-003,1099-div,totalCapitalGainDistribution,2280.71,,FN
1099-div-003,1099-div,nondividendDistributions,,,TN
1099-div-004,1099-div,formType,"""div""",,FN
1099-div-004,1099-div,payerName,"""Fidelity Investments""",,FN
1099-div-004,1099-div,payerTin,"""58-5991605""",,FN
1099-div-004,1099-div,recipientTin,"""XXX-XX-1618""",,FN
1099-div-004,1099-div,federalTaxWithheld,0,,FN
1099-div-004,1099-div,stateTaxWithheld,322.09,,FN
1099-div-004,1099-div,stateCode,"""CO""",,FN
1099-div-004,1099-div,ordinaryDividends,5470.12,,FN
1099-div-004,1099-div,qualifiedDividends,4645.03,,FN
1099-div-004,1099-div,totalCapitalGainDistribution,2001.94,,FN
1099-div-004,1099-div,nondividendDistributions,339.37,,FN
1099-div-005,1099-div,formType,"""div""",,FN
1099-div-005,1099-div,payerName,"""Morgan Stanley Wealth Mgmt""",,FN
1099-div-005,1099-div,payerTin,"""58-5234371""",,FN
1099-div-005,1099-div,recipientTin,"""XXX-XX-8862""",,FN
1099-div-005,1099-div,federalTaxWithheld,0,,FN
1099-div-005,1099-div,stateTaxWithheld,226.56,,FN
1099-div-005,1099-div,stateCode,"""MD""",,FN
1099-div-005,1099-div,ordinaryDividends,6306.59,,FN
1099-div-005,1099-div,qualifiedDividends,4511.65,,FN
1099-div-005,1099-div,totalCapitalGainDistribution,684.95,,FN
1099-div-005,1099-div,nondividendDistributions,,,TN
1099-div-006,1099-div,formType,"""div""",,FN
1099-div-006,1099-div,payerName,"""E*TRADE Securities LLC""",,FN
1099-div-006,1099-div,payerTin,"""54-8045760""",,FN
1099-div-006,1099-div,recipientTin,"""XXX-XX-5075""",,FN
1099-div-006,1099-div,federalTaxWithheld,0,,FN
1099-div-006,1099-div,stateTaxWithheld,299.94,,FN
1099-div-006,1099-div,stateCode,"""MA""",,FN
1099-div-006,1099-div,ordinaryDividends,5211.91,,FN
1099-div-006,1099-div,qualifiedDividends,4570.5,,FN
1099-div-006,1099-div,totalCapitalGainDistribution,,,TN
1099-div-006,1099-div,nondividendDistributions,,,TN
1099-div-007,1099-div,formType,"""div""",,FN
1099-div-007,1099-div,payerName,"""First Federal Bank N.A.""",,FN
1099-div-007,1099-div,payerTin,"""18-5367534""",,FN
1099-div-007,1099-div,recipientTin,"""XXX-XX-2700""",,FN
1099-div-007,1099-div,federalTaxWithheld,0,,FN
1099-div-007,1099-div,stateTaxWithheld,0,,FN
1099-div-007,1099-div,stateCode,"""MD""",,FN
1099-div-007,1099-div,ordinaryDividends,4524.14,,FN
1099-div-007,1099-div,qualifiedDividends,3906.8,,FN
1099-div-007,1099-div,totalCapitalGainDistribution,,,TN
1099-div-007,1099-div,nondividendDistributions,,,TN
1099-div-008,1099-div,formType,"""div""",,FN
1099-div-008,1099-div,payerName,"""TD Ameritrade""",,FN
1099-div-008,1099-div,payerTin,"""53-9181474""",,FN
1099-div-008,1099-div,recipientTin,"""XXX-XX-1874""",,FN
1099-div-008,1099-div,federalTaxWithheld,0,,FN
1099-div-008,1099-div,stateTaxWithheld,279.19,,FN
1099-div-008,1099-div,stateCode,"""PA""",,FN
1099-div-008,1099-div,ordinaryDividends,7227.38,,FN
1099-div-008,1099-div,qualifiedDividends,6134.11,,FN
1099-div-008,1099-div,totalCapitalGainDistribution,2091.83,,FN
1099-div-008,1099-div,nondividendDistributions,456.83,,FN
1099-div-009,1099-div,formType,"""div""",,FN
1099-div-009,1099-div,payerName,"""Wells Fargo Advisors""",,FN
1099-div-009,1099-div,payerTin,"""35-1429176""",,FN
1099-div-009,1099-div,recipientTin,"""XXX-XX-1105""",,FN
1099-div-009,1099-div,federalTaxWithheld,369.18,,FN
1099-div-009,1099-div,stateTaxWithheld,0,,FN
1099-div-009,1099-div,stateCode,"""AZ""",,FN
1099-div-009,1099-div,ordinaryDividends,6091.02,,FN
1099-div-009,1099-div,qualifiedDividends,4619.04,,FN
1099-div-009,1099-div,totalCapitalGainDistribution,,,TN
1099-div-009,1099-div,nondividendDistributions,,,TN
1099-div-010,1099-div,formType,"""div""",,FN
1099-div-010,1099-div,payerName,"""First Federal Bank N.A.""",,FN
1099-div-010,1099-div,payerTin,"""16-9364019""",,FN
1099-div-010,1099-div,recipientTin,"""XXX-XX-6517""",,FN
1099-div-010,1099-div,federalTaxWithheld,132.92,,FN
1099-div-010,1099-div,stateTaxWithheld,428.82,,FN
1099-div-010,1099-div,stateCode,"""MA""",,FN
1099-div-010,1099-div,ordinaryDividends,7928.18,,FN
1099-div-010,1099-div,qualifiedDividends,5934.23,,FN
1099-div-010,1099-div,totalCapitalGainDistribution,1868.98,,FN
1099-div-010,1099-div,nondividendDistributions,,,TN
1099-div-011,1099-div,formType,"""div""",,FN
1099-div-011,1099-div,payerName,"""Etsy Marketplace""",,FN
1099-div-011,1099-div,payerTin,"""69-9220429""",,FN
1099-div-011,1099-div,recipientTin,"""XXX-XX-7529""",,FN
1099-div-011,1099-div,federalTaxWithheld,0,,FN
1099-div-011,1099-div,stateTaxWithheld,65.21,,FN
1099-div-011,1099-div,stateCode,"""FL""",,FN
1099-div-011,1099-div,ordinaryDividends,1148.18,,FN
1099-div-011,1099-div,qualifiedDividends,791.92,,FN
1099-div-011,1099-div,totalCapitalGainDistribution,,,TN
1099-div-011,1099-div,nondividendDistributions,,,TN
1099-div-012,1099-div,formType,"""div""",,FN
1099-div-012,1099-div,payerName,"""Charles Schwab & Co""",,FN
1099-div-012,1099-div,payerTin,"""71-9357106""",,FN
1099-div-012,1099-div,recipientTin,"""XXX-XX-5614""",,FN
1099-div-012,1099-div,federalTaxWithheld,0,,FN
1099-div-012,1099-div,stateTaxWithheld,0,,FN
1099-div-012,1099-div,stateCode,"""NC""",,FN
1099-div-012,1099-div,ordinaryDividends,939.1,,FN
1099-div-012,1099-div,qualifiedDividends,782.14,,FN
1099-div-012,1099-div,totalCapitalGainDistribution,381.07,,FN
1099-div-012,1099-div,nondividendDistributions,299.56,,FN
1099-div-013,1099-div,formType,"""div""",,FN
1099-div-013,1099-div,payerName,"""Morgan Stanley Wealth Mgmt""",,FN
1099-div-013,1099-div,payerTin,"""63-3990687""",,FN
1099-div-013,1099-div,recipientTin,"""XXX-XX-9710""",,FN
1099-div-013,1099-div,federalTaxWithheld,525.32,,FN
1099-div-013,1099-div,stateTaxWithheld,0,,FN
1099-div-013,1099-div,stateCode,"""WA""",,FN
1099-div-013,1099-div,ordinaryDividends,6868.32,,FN
1099-div-013,1099-div,qualifiedDividends,5840.34,,FN
1099-div-013,1099-div,totalCapitalGainDistribution,1403.34,,FN
1099-div-013,1099-div,nondividendDistributions,,,TN
1099-div-014,1099-div,formType,"""div""",,FN
1099-div-014,1099-div,payerName,"""Etsy Marketplace""",,FN
1099-div-014,1099-div,payerTin,"""77-1765538""",,FN
1099-div-014,1099-div,recipientTin,"""XXX-XX-8864""",,FN
1099-div-014,1099-div,federalTaxWithheld,0,,FN
1099-div-014,1099-div,stateTaxWithheld,0,,FN
1099-div-014,1099-div,stateCode,"""CA""",,FN
1099-div-014,1099-div,ordinaryDividends,4490.86,,FN
1099-div-014,1099-div,qualifiedDividends,3596.56,,FN
1099-div-014,1099-div,totalCapitalGainDistribution,360.55,,FN
1099-div-014,1099-div,nondividendDistributions,,,TN
1099-div-015,1099-div,formType,"""div""",,FN
1099-div-015,1099-div,payerName,"""Etsy Marketplace""",,FN
1099-div-015,1099-div,payerTin,"""93-4993342""",,FN
1099-div-015,1099-div,recipientTin,"""XXX-XX-1580""",,FN
1099-div-015,1099-div,federalTaxWithheld,0,,FN
1099-div-015,1099-div,stateTaxWithheld,0,,FN
1099-div-015,1099-div,stateCode,"""AZ""",,FN
1099-div-015,1099-div,ordinaryDividends,6572.11,,FN
1099-div-015,1099-div,qualifiedDividends,5442.78,,FN
1099-div-015,1099-div,totalCapitalGainDistribution,,,TN
1099-div-015,1099-div,nondividendDistributions,,,TN
1099-b-001,1099-b,formType,"""b""",,FN
1099-b-001,1099-b,payerName,"""Charles Schwab & Co""",,FN
1099-b-001,1099-b,payerTin,"""10-5963367""",,FN
1099-b-001,1099-b,recipientTin,"""XXX-XX-6590""",,FN
1099-b-001,1099-b,federalTaxWithheld,799.16,,FN
1099-b-001,1099-b,stateTaxWithheld,0,,FN
1099-b-001,1099-b,stateCode,"""MA""",,FN
1099-b-001,1099-b,proceeds,161151.06,,FN
1099-b-001,1099-b,costBasis,156522.56,,FN
1099-b-001,1099-b,shortTermGainLoss,,,TN
1099-b-001,1099-b,longTermGainLoss,4628.5,,FN
1099-b-002,1099-b,formType,"""b""",,FN
1099-b-002,1099-b,payerName,"""Charles Schwab & Co""",,FN
1099-b-002,1099-b,payerTin,"""23-7229047""",,FN
1099-b-002,1099-b,recipientTin,"""XXX-XX-1043""",,FN
1099-b-002,1099-b,federalTaxWithheld,0,,FN
1099-b-002,1099-b,stateTaxWithheld,0,,FN
1099-b-002,1099-b,stateCode,"""NJ""",,FN
1099-b-002,1099-b,proceeds,121681.44,,FN
1099-b-002,1099-b,costBasis,128239.78,,FN
1099-b-002,1099-b,shortTermGainLoss,-6558.34,,FN
1099-b-002,1099-b,longTermGainLoss,,,TN
1099-b-003,1099-b,formType,"""b""",,FN
1099-b-003,1099-b,payerName,"""E*TRADE Securities LLC""",,FN
1099-b-003,1099-b,payerTin,"""62-7939201""",,FN
1099-b-003,1099-b,recipientTin,"""XXX-XX-1345""",,FN
1099-b-003,1099-b,federalTaxWithheld,900.19,,FN
1099-b-003,1099-b,stateTaxWithheld,0,,FN
1099-b-003,1099-b,stateCode,"""AZ""",,FN
1099-b-003,1099-b,proceeds,10814.05,,FN
1099-b-003,1099-b,costBasis,15083.67,,FN
1099-b-003,1099-b,shortTermGainLoss,,,TN
1099-b-003,1099-b,longTermGainLoss,-4269.62,,FN
1099-b-004,1099-b,formType,"""b""",,FN
1099-b-004,1099-b,payerName,"""TD Ameritrade""",,FN
1099-b-004,1099-b,payerTin,"""32-8779872""",,FN
1099-b-004,1099-b,recipientTin,"""XXX-XX-7832""",,FN
1099-b-004,1099-b,federalTaxWithheld,326.59,,FN
1099-b-004,1099-b,stateTaxWithheld,0,,FN
1099-b-004,1099-b,stateCode,"""CO""",,FN
1099-b-004,1099-b,proceeds,246818.27,,FN
1099-b-004,1099-b,costBasis,205007.98,,FN
1099-b-004,1099-b,shortTermGainLoss,41810.29,,FN
1099-b-004,1099-b,longTermGainLoss,,,TN
1099-b-005,1099-b,formType,"""b""",,FN
1099-b-005,1099-b,payerName,"""Charles Schwab & Co""",,FN
1099-b-005,1099-b,payerTin,"""24-6046624""",,FN
1099-b-005,1099-b,recipientTin,"""XXX-XX-4171""",,FN
1099-b-005,1099-b,federalTaxWithheld,658.29,,FN
1099-b-005,1099-b,stateTaxWithheld,0,,FN
1099-b-005,1099-b,stateCode,"""TN""",,FN
1099-b-005,1099-b,proceeds,85467.97,,FN
1099-b-005,1099-b,costBasis,54654.02,,FN
1099-b-005,1099-b,shortTermGainLoss,30813.95,,FN
1099-b-005,1099-b,longTermGainLoss,,,TN
1099-b-006,1099-b,formType,"""b""",,FN
1099-b-006,1099-b,payerName,"""TD Ameritrade""",,FN
1099-b-006,1099-b,payerTin,"""76-1219308""",,FN
1099-b-006,1099-b,recipientTin,"""XXX-XX-4959""",,FN
1099-b-006,1099-b,federalTaxWithheld,507.61,,FN
1099-b-006,1099-b,stateTaxWithheld,0,,FN
1099-b-006,1099-b,stateCode,"""IN""",,FN
1099-b-006,1099-b,proceeds,63489.2,,FN
1099-b-006,1099-b,costBasis,40817.95,,FN
1099-b-006,1099-b,shortTermGainLoss,22671.25,,FN
1099-b-006,1099-b,longTermGainLoss,,,TN
1099-b-007,1099-b,formType,"""b""",,FN
1099-b-007,1099-b,payerName,"""Stripe Payments Co""",,FN
1099-b-007,1099-b,payerTin,"""56-7652177""",,FN
1099-b-007,1099-b,recipientTin,"""XXX-XX-5782""",,FN
1099-b-007,1099-b,federalTaxWithheld,0,,FN
1099-b-007,1099-b,stateTaxWithheld,400.14,,FN
1099-b-007,1099-b,stateCode,"""IN""",,FN
1099-b-007,1099-b,proceeds,133488.28,,FN
1099-b-007,1099-b,costBasis,143973.67,,FN
1099-b-007,1099-b,shortTermGainLoss,,,TN
1099-b-007,1099-b,longTermGainLoss,-10485.39,,FN
1099-b-008,1099-b,formType,"""b""",,FN
1099-b-008,1099-b,payerName,"""Fidelity Investments""",,FN
1099-b-008,1099-b,payerTin,"""91-3715469""",,FN
1099-b-008,1099-b,recipientTin,"""XXX-XX-2210""",,FN
1099-b-008,1099-b,federalTaxWithheld,206.27,,FN
1099-b-008,1099-b,stateTaxWithheld,52.35,,FN
1099-b-008,1099-b,stateCode,"""FL""",,FN
1099-b-008,1099-b,proceeds,164425.18,,FN
1099-b-008,1099-b,costBasis,98395.93,,FN
1099-b-008,1099-b,shortTermGainLoss,,,TN
1099-b-008,1099-b,longTermGainLoss,66029.25,,FN
1099-b-009,1099-b,formType,"""b""",,FN
1099-b-009,1099-b,payerName,"""Vanguard Brokerage Services""",,FN
1099-b-009,1099-b,payerTin,"""95-6260819""",,FN
1099-b-009,1099-b,recipientTin,"""XXX-XX-1361""",,FN
1099-b-009,1099-b,federalTaxWithheld,0,,FN
1099-b-009,1099-b,stateTaxWithheld,247.15,,FN
1099-b-009,1099-b,stateCode,"""OH""",,FN
1099-b-009,1099-b,proceeds,138761.66,,FN
1099-b-009,1099-b,costBasis,153487.32,,FN
1099-b-009,1099-b,shortTermGainLoss,-14725.66,,FN
1099-b-009,1099-b,longTermGainLoss,,,TN
1099-b-010,1099-b,formType,"""b""",,FN
1099-b-010,1099-b,payerName,"""Etsy Marketplace""",,FN
1099-b-010,1099-b,payerTin,"""26-8950547""",,FN
1099-b-010,1099-b,recipientTin,"""XXX-XX-4050""",,FN
1099-b-010,1099-b,federalTaxWithheld,0,,FN
1099-b-010,1099-b,stateTaxWithheld,0,,FN
1099-b-010,1099-b,stateCode,"""TX""",,FN
1099-b-010,1099-b,proceeds,103794.88,,FN
1099-b-010,1099-b,costBasis,135478.73,,FN
1099-b-010,1099-b,shortTermGainLoss,-31683.85,,FN
1099-b-010,1099-b,longTermGainLoss,,,TN
1099-misc-001,1099-misc,formType,"""misc""",,FN
1099-misc-001,1099-misc,payerName,"""First Federal Bank N.A.""",,FN
1099-misc-001,1099-misc,payerTin,"""10-8313230""",,FN
1099-misc-001,1099-misc,recipientTin,"""XXX-XX-5193""",,FN
1099-misc-001,1099-misc,federalTaxWithheld,350.72,,FN
1099-misc-001,1099-misc,stateTaxWithheld,0,,FN
1099-misc-001,1099-misc,stateCode,"""MA""",,FN
1099-misc-001,1099-misc,rents,12277.36,,FN
1099-misc-001,1099-misc,royalties,,,TN
1099-misc-001,1099-misc,otherIncome,,,TN
1099-misc-001,1099-misc,fishingBoatProceeds,,,TN
1099-misc-001,1099-misc,medicalAndHealthcare,,,TN
1099-misc-002,1099-misc,formType,"""misc""",,FN
1099-misc-002,1099-misc,payerName,"""Fidelity Investments""",,FN
1099-misc-002,1099-misc,payerTin,"""57-2057274""",,FN
1099-misc-002,1099-misc,recipientTin,"""XXX-XX-7811""",,FN
1099-misc-002,1099-misc,federalTaxWithheld,54.16,,FN
1099-misc-002,1099-misc,stateTaxWithheld,0,,FN
1099-misc-002,1099-misc,stateCode,"""CO""",,FN
1099-misc-002,1099-misc,rents,,,TN
1099-misc-002,1099-misc,royalties,,,TN
1099-misc-002,1099-misc,otherIncome,9179.03,,FN
1099-misc-002,1099-misc,fishingBoatProceeds,,,TN
1099-misc-002,1099-misc,medicalAndHealthcare,,,TN
1099-misc-003,1099-misc,formType,"""misc""",,FN
1099-misc-003,1099-misc,payerName,"""Etsy Marketplace""",,FN
1099-misc-003,1099-misc,payerTin,"""84-8144682""",,FN
1099-misc-003,1099-misc,recipientTin,"""XXX-XX-9030""",,FN
1099-misc-003,1099-misc,federalTaxWithheld,0,,FN
1099-misc-003,1099-misc,stateTaxWithheld,0,,FN
1099-misc-003,1099-misc,stateCode,"""OH""",,FN
1099-misc-003,1099-misc,rents,,,TN
1099-misc-003,1099-misc,royalties,1163.35,,FN
1099-misc-003,1099-misc,otherIncome,,,TN
1099-misc-003,1099-misc,fishingBoatProceeds,,,TN
1099-misc-003,1099-misc,medicalAndHealthcare,,,TN
1099-misc-004,1099-misc,formType,"""misc""",,FN
1099-misc-004,1099-misc,payerName,"""PayPal Holdings Inc""",,FN
1099-misc-004,1099-misc,payerTin,"""93-3844049""",,FN
1099-misc-004,1099-misc,recipientTin,"""XXX-XX-3622""",,FN
1099-misc-004,1099-misc,federalTaxWithheld,0,,FN
1099-misc-004,1099-misc,stateTaxWithheld,0,,FN
1099-misc-004,1099-misc,stateCode,"""OH""",,FN
1099-misc-004,1099-misc,rents,,,TN
1099-misc-004,1099-misc,royalties,,,TN
1099-misc-004,1099-misc,otherIncome,3489.64,,FN
1099-misc-004,1099-misc,fishingBoatProceeds,,,TN
1099-misc-004,1099-misc,medicalAndHealthcare,,,TN
1099-misc-005,1099-misc,formType,"""misc""",,FN
1099-misc-005,1099-misc,payerName,"""Capital One Financial""",,FN
1099-misc-005,1099-misc,payerTin,"""15-9281889""",,FN
1099-misc-005,1099-misc,recipientTin,"""XXX-XX-6327""",,FN
1099-misc-005,1099-misc,federalTaxWithheld,397.33,,FN
1099-misc-005,1099-misc,stateTaxWithheld,515.61,,FN
1099-misc-005,1099-misc,stateCode,"""NY""",,FN
1099-misc-005,1099-misc,rents,,,TN
1099-misc-005,1099-misc,royalties,,,TN
1099-misc-005,1099-misc,otherIncome,11728.35,,FN
1099-misc-005,1099-misc,fishingBoatProceeds,,,TN
1099-misc-005,1099-misc,medicalAndHealthcare,,,TN
1099-misc-006,1099-misc,formType,"""misc""",,FN
1099-misc-006,1099-misc,payerName,"""JPMorgan Chase Bank""",,FN
1099-misc-006,1099-misc,payerTin,"""48-7288396""",,FN
1099-misc-006,1099-misc,recipientTin,"""XXX-XX-7799""",,FN
1099-misc-006,1099-misc,federalTaxWithheld,0,,FN
1099-misc-006,1099-misc,stateTaxWithheld,0,,FN
1099-misc-006,1099-misc,stateCode,"""IL""",,FN
1099-misc-006,1099-misc,rents,,,TN
1099-misc-006,1099-misc,royalties,,,TN
1099-misc-006,1099-misc,otherIncome,9512.98,,FN
1099-misc-006,1099-misc,fishingBoatProceeds,,,TN
1099-misc-006,1099-misc,medicalAndHealthcare,,,TN
1099-misc-007,1099-misc,formType,"""misc""",,FN
1099-misc-007,1099-misc,payerName,"""Capital One Financial""",,FN
1099-misc-007,1099-misc,payerTin,"""71-7508593""",,FN
1099-misc-007,1099-misc,recipientTin,"""XXX-XX-3335""",,FN
1099-misc-007,1099-misc,federalTaxWithheld,0,,FN
1099-misc-007,1099-misc,stateTaxWithheld,0,,FN
1099-misc-007,1099-misc,stateCode,"""MA""",,FN
1099-misc-007,1099-misc,rents,27171.67,,FN
1099-misc-007,1099-misc,royalties,,,TN
1099-misc-007,1099-misc,otherIncome,,,TN
1099-misc-007,1099-misc,fishingBoatProceeds,,,TN
1099-misc-007,1099-misc,medicalAndHealthcare,,,TN
1099-misc-008,1099-misc,formType,"""misc""",,FN
1099-misc-008,1099-misc,payerName,"""JPMorgan Chase Bank""",,FN
1099-misc-008,1099-misc,payerTin,"""18-2966037""",,FN
1099-misc-008,1099-misc,recipientTin,"""XXX-XX-3908""",,FN
1099-misc-008,1099-misc,federalTaxWithheld,0,,FN
1099-misc-008,1099-misc,stateTaxWithheld,0,,FN
1099-misc-008,1099-misc,stateCode,"""NC""",,FN
1099-misc-008,1099-misc,rents,,,TN
1099-misc-008,1099-misc,royalties,,,TN
1099-misc-008,1099-misc,otherIncome,3142.69,,FN
1099-misc-008,1099-misc,fishingBoatProceeds,,,TN
1099-misc-008,1099-misc,medicalAndHealthcare,,,TN
1099-misc-009,1099-misc,formType,"""misc""",,FN
1099-misc-009,1099-misc,payerName,"""JPMorgan Chase Bank""",,FN
1099-misc-009,1099-misc,payerTin,"""58-9225353""",,FN
1099-misc-009,1099-misc,recipientTin,"""XXX-XX-8671""",,FN
1099-misc-009,1099-misc,federalTaxWithheld,0,,FN
1099-misc-009,1099-misc,stateTaxWithheld,0,,FN
1099-misc-009,1099-misc,stateCode,"""NC""",,FN
1099-misc-009,1099-misc,rents,,,TN
1099-misc-009,1099-misc,royalties,,,TN
1099-misc-009,1099-misc,otherIncome,8185.89,,FN
1099-misc-009,1099-misc,fishingBoatProceeds,,,TN
1099-misc-009,1099-misc,medicalAndHealthcare,,,TN
1099-misc-010,1099-misc,formType,"""misc""",,FN
1099-misc-010,1099-misc,payerName,"""First Federal Bank N.A.""",,FN
1099-misc-010,1099-misc,payerTin,"""18-7374522""",,FN
1099-misc-010,1099-misc,recipientTin,"""XXX-XX-3503""",,FN
1099-misc-010,1099-misc,federalTaxWithheld,0,,FN
1099-misc-010,1099-misc,stateTaxWithheld,0,,FN
1099-misc-010,1099-misc,stateCode,"""CA""",,FN
1099-misc-010,1099-misc,rents,,,TN
1099-misc-010,1099-misc,royalties,3190.07,,FN
1099-misc-010,1099-misc,otherIncome,,,TN
1099-misc-010,1099-misc,fishingBoatProceeds,,,TN
1099-misc-010,1099-misc,medicalAndHealthcare,,,TN
1099-r-001,1099-r,formType,"""r""",,FN
1099-r-001,1099-r,payerName,"""TD Ameritrade""",,FN
1099-r-001,1099-r,payerTin,"""34-2623618""",,FN
1099-r-001,1099-r,recipientTin,"""XXX-XX-6496""",,FN
1099-r-001,1099-r,federalTaxWithheld,1040.35,,FN
1099-r-001,1099-r,stateTaxWithheld,268.73,,FN
1099-r-001,1099-r,stateCode,"""AZ""",,FN
1099-r-001,1099-r,grossDistribution,111490.7,,FN
1099-r-001,1099-r,taxableAmount,69311.21,,FN
1099-r-001,1099-r,distributionCode,"""7""",,FN
1099-r-001,1099-r,iraSepSimple,,,TN
1099-r-002,1099-r,formType,"""r""",,FN
1099-r-002,1099-r,payerName,"""Capital One Financial""",,FN
1099-r-002,1099-r,payerTin,"""86-8955286""",,FN
1099-r-002,1099-r,recipientTin,"""XXX-XX-4843""",,FN
1099-r-002,1099-r,federalTaxWithheld,0,,FN
1099-r-002,1099-r,stateTaxWithheld,174.06,,FN
1099-r-002,1099-r,stateCode,"""TN""",,FN
1099-r-002,1099-r,grossDistribution,61207.69,,FN
1099-r-002,1099-r,taxableAmount,50357.74,,FN
1099-r-002,1099-r,distributionCode,"""B""",,FN
1099-r-002,1099-r,iraSepSimple,,,TN
1099-r-003,1099-r,formType,"""r""",,FN
1099-r-003,1099-r,payerName,"""TD Ameritrade""",,FN
1099-r-003,1099-r,payerTin,"""35-2429840""",,FN
1099-r-003,1099-r,recipientTin,"""XXX-XX-8025""",,FN
1099-r-003,1099-r,federalTaxWithheld,523.63,,FN
1099-r-003,1099-r,stateTaxWithheld,0,,FN
1099-r-003,1099-r,stateCode,"""PA""",,FN
1099-r-003,1099-r,grossDistribution,88624.35,,FN
1099-r-003,1099-r,taxableAmount,63778.92,,FN
1099-r-003,1099-r,distributionCode,"""4""",,FN
1099-r-003,1099-r,iraSepSimple,,,TN
1099-r-004,1099-r,formType,"""r""",,FN
1099-r-004,1099-r,payerName,"""JPMorgan Chase Bank""",,FN
1099-r-004,1099-r,payerTin,"""85-2672897""",,FN
1099-r-004,1099-r,recipientTin,"""XXX-XX-8075""",,FN
1099-r-004,1099-r,federalTaxWithheld,0,,FN
1099-r-004,1099-r,stateTaxWithheld,234.85,,FN
1099-r-004,1099-r,stateCode,"""TX""",,FN
1099-r-004,1099-r,grossDistribution,34302.95,,FN
1099-r-004,1099-r,taxableAmount,29047.23,,FN
1099-r-004,1099-r,distributionCode,"""B""",,FN
1099-r-004,1099-r,iraSepSimple,"""X""",,FN
1099-r-005,1099-r,formType,"""r""",,FN
1099-r-005,1099-r,payerName,"""Vanguard Brokerage Services""",,FN
1099-r-005,1099-r,payerTin,"""32-3457173""",,FN
1099-r-005,1099-r,recipientTin,"""XXX-XX-8647""",,FN
1099-r-005,1099-r,federalTaxWithheld,0,,FN
1099-r-005,1099-r,stateTaxWithheld,0,,FN
1099-r-005,1099-r,stateCode,"""CA""",,FN
1099-r-005,1099-r,grossDistribution,55252.26,,FN
1099-r-005,1099-r,taxableAmount,38255.26,,FN
1099-r-005,1099-r,distributionCode,"""7""",,FN
1099-r-005,1099-r,iraSepSimple,,,TN
1099-g-001,1099-g,formType,"""g""",,FN
1099-g-001,1099-g,payerName,"""Etsy Marketplace""",,FN
1099-g-001,1099-g,payerTin,"""10-2633350""",,FN
1099-g-001,1099-g,recipientTin,"""XXX-XX-2109""",,FN
1099-g-001,1099-g,federalTaxWithheld,0,,FN
1099-g-001,1099-g,stateTaxWithheld,0,,FN
1099-g-001,1099-g,stateCode,"""CO""",,FN
1099-g-001,1099-g,unemploymentCompensation,14855.44,,FN
1099-g-001,1099-g,stateLocalRefund,,,TN
1099-g-002,1099-g,formType,"""g""",,FN
1099-g-002,1099-g,payerName,"""Vanguard Brokerage Services""",,FN
1099-g-002,1099-g,payerTin,"""90-6820023""",,FN
1099-g-002,1099-g,recipientTin,"""XXX-XX-4635""",,FN
1099-g-002,1099-g,federalTaxWithheld,0,,FN
1099-g-002,1099-g,stateTaxWithheld,0,,FN
1099-g-002,1099-g,stateCode,"""MD""",,FN
1099-g-002,1099-g,unemploymentCompensation,16768.4,,FN
1099-g-002,1099-g,stateLocalRefund,,,TN
1099-g-003,1099-g,formType,"""g""",,FN
1099-g-003,1099-g,payerName,"""Capital One Financial""",,FN
1099-g-003,1099-g,payerTin,"""39-3061843""",,FN
1099-g-003,1099-g,recipientTin,"""XXX-XX-6121""",,FN
1099-g-003,1099-g,federalTaxWithheld,168.66,,FN
1099-g-003,1099-g,stateTaxWithheld,123.25,,FN
1099-g-003,1099-g,stateCode,"""NY""",,FN
1099-g-003,1099-g,unemploymentCompensation,,,TN
1099-g-003,1099-g,stateLocalRefund,323.67,,FN
1099-k-001,1099-k,formType,"""k""",,FN
1099-k-001,1099-k,payerName,"""Fidelity Investments""",,FN
1099-k-001,1099-k,payerTin,"""31-1496036""",,FN
1099-k-001,1099-k,recipientTin,"""XXX-XX-4013""",,FN
1099-k-001,1099-k,federalTaxWithheld,0,,FN
1099-k-001,1099-k,stateTaxWithheld,110.91,,FN
1099-k-001,1099-k,stateCode,"""OH""",,FN
1099-k-001,1099-k,grossPaymentAmount,127517.66,,FN
1099-k-002,1099-k,formType,"""k""",,FN
1099-k-002,1099-k,payerName,"""TD Ameritrade""",,FN
1099-k-002,1099-k,payerTin,"""70-4720785""",,FN
1099-k-002,1099-k,recipientTin,"""XXX-XX-2300""",,FN
1099-k-002,1099-k,federalTaxWithheld,0,,FN
1099-k-002,1099-k,stateTaxWithheld,0,,FN
1099-k-002,1099-k,stateCode,"""GA""",,FN
1099-k-002,1099-k,grossPaymentAmount,167670.8,,FN